片名,英文译名,中文译名,上映时间,观看时间
หลานม่า,How to Make Millions Before Grandma Dies,姥姥的外孙,2024,2024/10/7
Hello！树先生,,,2011,2024/10/6
逆行人生,,,2024,2024/10/3
龙年档案,,,2003,2024/9/17
来福大酒店,,,2024,2024/9/3
大明劫,,,2013,2024/8/18
红毯先生,,,2023,2024/8/17
抓娃娃,,,2024,2024/8/11
House of the Dragon Season 2,,,2024,2024/8/5
谈判专家,,,2024,2024/7/20
扫黑·决不放弃,,,2024,2024/6/30
金手指,,,2023,2024/6/27
九龍城寨·圍城,,,2024,2024/6/23
万物经济学,,,2024,2024/6/19
万引き家族,,小偷家族,2018,2024/6/9
天国と地獄,,天国与地狱,1963,2024/5/18
Das Boot,,从海底出击,1981,2024/5/12
인민을 위해 복무하라,Serve the People,为人民服务,2022,2024/5/5
Paths of Glory,,光荣之路,1957,2024/5/2
飞驰人生2,,,2024,2024/5/1
Sunset Blvd.,,日落大道,1950,2024/4/14
C'era una volta il West,Once Upon a Time in the West,西部往事,1968,2024/4/8
3 Body Problem Season 1,,,2024,2024/3/23
Dune: Part Two,,,2024,2024/3/9
周處除三害,,,2023,2024/3/2
年会不能停！,,,2023,2024/2/17
非诚勿扰3,,,2023,2024/2/12
热辣滚烫,,,2024,2024/2/10
三大队,,,2023,2024/2/9
志愿军：雄兵出击,,,2023,2024/1/6
保你平安,,,2022,2024/1/1
漫长的季节,,,2023,2023/12/29
Killers of the Flower Moon,,花月杀手,2023,2023/12/12
Napoleon,,拿破仑,2023,2023/12/10
长安三万里,,,2023,2023/12/4
切腹,,,1962,2023/10/21
坚如磐石,,,2023,2023/10/1
Murder on the Orient Express,,,2017,2023/9/24
A Haunting in Venice,,,2023,2023/9/16
Spider-Man: Across the Spider-Verse,,,2023,2023/9/9
Unknown: Cosmic Time Machine,,,2023,2023/9/3
Oppenheimer,,,2023,2023/9/2
扫毒3：人在天涯,,,2023,2023/8/12
高山下的花环,,,1984,2023/8/5
茶馆,,,1982,2023/8/3
封神第一部：朝歌风云,,,2023,2023/8/1
X-Men: First Class,,X战警：第一战,2011,2023/7/27
The Great Dictator,,大独裁者,1940,2023/7/23
M - Eine Stadt sucht einen Mörder,,M就是凶手,1931,2023/7/21
Our Planet Season 2,,,2023,2023/7/19
The Flash,,,2023,2023/7/19
Mission: Impossible – Dead Reckoning Part One,,,2023,2023/7/14
Guardians of the Galaxy Vol. 3,,,2023,2023/7/9
Black Mirror Season 6,,,2023,2023/6/22
Fast X,,,2023,2023/6/10
满江红,,,2023,2023/6/2
John Wick: Chapter 4,,,2023,2023/5/24
Chris Rock: Selective Outrage,,,2023,2023/4/28
Hacksaw Ridge,,,2016,2023/4/25
Inside Out,,,2015,2023/4/20
Jagten,,狩猎,2012,2023/4/17
流浪地球2,,,2023,2023/4/15
كفرناحوم,Capernaum,何以为家,2018,2023/4/14
Coco,,寻梦环游记,2017,2023/4/12
Aliens,,异形2,1986,2023/4/10
Alien,,异形,1979,2023/4/9
宇宙探索编辑部,,,2021,2023/4/8
А зори здесь тихие,The Dawns Here Are Quiet,这里的黎明静悄悄,1972,2023/4/7
火垂るの墓,,萤火虫之墓,1988,2023/4/5
아가씨,The Handmaiden,小姐,2016,2023/4/5
It's a Wonderful Life,,,1946,2023/4/3
Harry Potter 20th Anniversary: Return to Hogwarts,,,2022,2023/4/2
Now You See Me 2,,,2016,2023/3/27
落叶归根,,,2007,2023/3/26
Poker Face Season 1,,,2023,2023/3/26
パプリカ,Paprika,红辣椒,2006,2023/2/26
Kundun,,,1997,2023/2/26
别拿自己不当干部,,,2007,2023/2/22
大佛普拉斯,,,2017,2023/2/19
Witness for the Prosecution,,控方证人,1957,2023/2/18
三体,,,2023,2023/2/11
狂飙,,,2023,2023/2/3
Avatar: The Way of Water,,,2022,2023/1/10
Fantastic Beasts: The Secrets of Dumbledore,,,2022,2023/1/10
怒火,,,2021,2023/1/4
神探大戰,,,2022,2023/1/3
Glass Onion: A Knives Out Mystery,,利刃出鞘2,2022,2022/12/24
父母爱情,,,2014,2022/11/5
独行月球,,,2022,2022/10/29
Top Gun: Maverick,,壮志凌云2：独行侠,2022,2022/10/29
House of the Dragon Season 1,,龙之家族 第一季,2022,2022/10/26
Orphan: First Kill,,孤儿怨：首杀,2022,2022/8/21
第二次拥抱,,,2022,2022/8/17
Hustle,,必胜球探,2022,2022/6/25
Doctor Strange in the Multiverse of Madness,,奇异博士2：疯狂多元宇宙,2022,2022/6/23
人参王国,,,1997,2022/5/31
Everything Everywhere All at Once,,瞬息全宇宙,2022,2022/5/21
"Love, Death & Robots Season 3",,爱，死亡和机器人 第三季,2022,2022/5/20
长津湖之水门桥,,,2022,2022/5/4
Return to Space,,回到太空,2022,2022/4/16
CODA,,健听女孩,2021,2022/4/1
The Batman,,新蝙蝠侠,2022,2022/3/18
人世间,,,2022,2022/3/13
Spider-Man: No Way Home,,蜘蛛侠：英雄无归,2021,2022/3/13
Jurassic Park III,,侏罗纪公园3,2001,2022/2/27
The Lost World: Jurassic Park,,侏罗纪公园2：失落的世界,1997,2022/2/26
Space Force Season 2,,太空部队 第二季,2022,2022/2/23
Death on the Nile,,尼罗河上的惨案,2022,2022/2/21
Ali Wong: Don Wong,,黄阿丽：风流女子,2022,2022/2/17
The King's Man,,王牌特工：源起,2021,2022/2/17
江湖儿女,,,2018,2022/2/12
我和我的父辈,,,2021,2022/2/10
Jurassic World,,侏罗纪世界,2015,2022/2/7
Jurassic Park,,侏罗纪公园,1993,2022/2/6
这个杀手不太冷静,,,2022,2022/2/3
奇迹·笨小孩,,,2022,2022/2/1
나쁜 녀석들,The Bad Guys: The Movie,坏家伙们,2019,2022/1/20
Eternals,,永恒族,2021,2022/1/13
Don't Look Up,,不要抬头,2021,2022/1/8
爱情神话,,,2021,2022/1/7
The Matrix Resurrections ,,黑客帝国：矩阵重启,2021,2022/1/5
长津湖,,,2021,2022/1/2
Genius Season 1,,天才 第一季,2017,2021/12/20
Dark Phoenix,,X战警：黑凤凰,2019,2021/12/19
扬名立万,,,2021,2021/11/27
Red Notice,,红色通缉令,2021,2021/11/18
No Time to Die,,007：无暇赴死,2021,2021/11/15
Shang-Chi and the Legend of the Ten Rings,,尚气与十环传奇,2021,2021/11/13
Dune,,沙丘,2021,2021/10/25
오징어 게임,Squid Game Season 1,鱿鱼游戏 第一季,2021,2021/10/23
云南虫谷,,,2021,2021/9/25
僵尸先生,,,1985,2021/9/20
龙虎武师,,,2020,2021/9/20
无证之罪,,,2017,2021/9/19
失控玩家,,,2021,2021/9/11
扫黑风暴,,,2021,2021/9/1
无依之地,,,2020,2021/8/29
速度与激情9,,,2021,2021/8/21
X特遣队：全员集结,,,2021,2021/8/14
人之怒,,,2021,2021/8/6
觉醒年代,,,2021,2021/7/17
全裸导演 第二季,,,2021,2021/7/4
扫黑·决战,,,2021,2021/6/6
刘老根4,,,2021,2021/5/30
老友记重聚特辑,,,2021,2021/5/28
我和我的家乡,,,2020,2021/5/15
爱，死亡和机器人 第二季,,,2021,2021/5/14
刺杀,,,2020,2021/5/11
Do Not Split,,不割席,2021,2021/4/24
刺杀小说家,,,2021,2021/4/12
壮志凌云,,,1986,2021/3/28
扎克·施奈德版正义联盟,,,2021,2021/3/21
探世界 第二季,,,2021,2021/3/20
济公,,,1993,2021/2/28
拆弹专家2,,,2020,2021/2/21
你好，李焕英,,,2021,2021/2/13
唐人街探案3,,,2021,2021/2/13
山海情,,,2021,2021/1/25
男妇女主任,,,1999,2021/1/9
神奇女侠1984,,,2020,2021/1/2
我们的星球 第一季,,,2019,2020/12/8
Seven Years in Tibet,,西藏七年,1997,2020/11/13
金刚川,,,2020,2020/11/6
后翼弃兵,,,2020,2020/11/1
误杀,,,2019,2020/10/25
挑战者号：最后的飞行,,,2020,2020/10/25
侠女,,,1970,2020/10/25
姜子牙,,,2020,2020/10/8
监视资本主义：智能陷阱,,,2020,2020/10/3
沉默的真相,,,2020,2020/10/2
最后的舞动,,,2020,2020/9/18
花木兰,,,2020,2020/9/11
信条,,,2020,2020/9/6
007：幽灵党,,,2015,2020/9/2
摩天大楼,,,2020,2020/8/31
八佰,,,2020,2020/8/22
汉密尔顿,,,2020,2020/7/27
探世界,,,2020,2020/7/18
黑镜 第五季,,,2019,2020/7/8
侏罗纪世界2,,,2018,2020/7/4
名侦探柯南：贝克街的亡灵,,,2002,2020/6/16
发现的乐趣,,,1981,2020/6/16
太空部队 第一季,,,2020,2020/6/7
大城晓聚,,,2019,2020/5/8
龙岭迷窟,,,2020,2020/4/29
大开眼戒,,,1999,2020/4/28
黑镜：潘达斯奈基,,,2018,2020/4/26
全裸导演 第一季,,,2019,2020/4/23
我是余欢水,,,2020,2020/4/15
300勇士：帝国崛起,,,2014,2020/4/13
罗马,,,2018,2020/4/11
黑衣人：全球追缉,,,2019,2020/4/5
教宗的承继,,,2019,2020/4/5
刘老根3,,,2020,2020/3/22
利刃出鞘,,,2019,2020/2/14
人体奥妙之细胞的暗战,,,2012,2020/2/1
囧妈,,,2020,2020/1/25
唐人街探案,,,2020,2020/1/17
敦刻尔克,,,2017,2020/1/14
影子司令：伊朗军事大师苏莱曼尼,,,2019,2020/1/11
波西米亚狂想曲,,,2018,2019/12/15
我和我的祖国,,,2019,2019/12/14
好莱坞往事,,,2019,2019/12/11
速度与激情：特别行动,,,2019,2019/12/10
神奇的费曼先生,,,2013,2019/12/8
巴斯特·斯克鲁格斯的歌谣,,,2018,2019/12/7
犯罪现场,,,2019,2019/11/24
宵夜江湖,,,2019,2019/11/23
小丑,,,2019,2019/11/17
少年的你,,,2019,2019/11/16
诛仙1,,,2019,2019/10/27
嘻哈星节奏 第一季,,,2019,2019/10/26
看不见的客人,,,2016,2019/10/20
速度与激情8,,,2017,2019/10/19
碟中谍,,,1996,2019/10/13
走进比尔：解码比尔·盖茨,,,2019,2019/9/26
徒手攀岩,,,2018,2019/9/17
蜘蛛侠：英雄远征,,,2019,2019/9/14
哪吒之魔童降世,,,2019,2019/9/10
追龙,,,2017,2019/9/7
缝纫机乐队,,,2017,2019/9/4
扫毒2：天地对决,,,2019,2019/8/30
美国工厂,,,2019,2019/8/27
不信上帝的人,,,2013,2019/8/22
追龙Ⅱ,,,2019,2019/8/18
行星,,,2019,2019/8/17
决战兰州,,,2018,2019/8/14
寄生虫,,,2019,2019/8/12
权力的游戏 第八季,,,2019,2019/7/19
权力的游戏 第七季,,,2017,2019/7/17
权力的游戏 第六季,,,2016,2019/7/15
权力的游戏 第五季,,,2015,2019/7/14
权力的游戏 第四季,,,2014,2019/7/13
权力的游戏 第三季,,,2013,2019/7/6
权力的游戏  第二季,,,2012,2019/6/26
权力的游戏 第一季,,,2011,2019/6/16
切尔诺贝利,,,2019,2019/6/9
登月第一人,,,2018,2019/6/3
破冰行动,,,2019,2019/6/2
阿波罗11号,,,2019,2019/5/31
晓说2018,,,2018,2019/5/3
真探 第一季,,,2014,2019/4/29
心里的声音,,,2016,2019/4/28
复仇者联盟4：终局之战,,,2019,2019/4/27
蜘蛛侠：平行宇宙,,,2018,2019/4/9
爱，死亡和机器人 第一季,,,2019,2019/3/21
摘金奇缘,,,2018,2019/3/10
新喜剧之王,,,2019,2019/3/10
瑞克和莫蒂 第一季,,,2013,2019/3/3
绿皮书,,,2018,2019/3/2
神奇动物：格林德沃之罪,,,2018,2019/2/16
流浪地球,,,2019,2019/2/10
疯狂的外星人,,,2019,2019/2/9
飞驰人生,,,2019,2019/2/6
死侍2：我爱我家,,,2018,2019/1/31
大江大河,,,2018,2019/1/12
无双,,,2018,2018/12/22
知无涯者,,,2015,2018/12/17
海王,,,2018,2018/12/16
奇迹,,,1989,2018/12/15
李茶的姑妈,,,2018,2018/12/14
碟中谍6：全面瓦解,,,2018,2018/12/4
无敌破坏王2：大闹互联网,,,2018,2018/12/2
神奇动物在哪里,,,2016,2018/11/17
黑豹,,,2018,2018/11/15
毒液：致命守护者,,,2018,2018/11/9
奇迹男孩,,,2017,2018/10/4
影,,,2018,2018/10/2
西虹市首富,,,2018,2018/8/5
狄仁杰之四大天王,,,2018,2018/7/28
邪不压正,,,2018,2018/7/23
我不是药神,,,2018,2018/7/1
复仇者联盟3：无限战争,,,2018,2018/5/11
头号玩家,,,2018,2018/4/1
前任3：再见前任,,,2017,2018/3/19
三块广告牌,,,2017,2018/3/17
红海行动,,,2018,2018/2/17
唐人街探案2,,,2018,2018/2/16
异次元骇客,,,1999,2018/2/16
妖猫传,,,2017,2018/2/12
奇门遁甲,,,2017,2018/2/7
横空出世,,,1999,2018/2/4
芳华,,,2017,2018/1/1
天才枪手,,,2017,2017/12/3
我是传奇,,,2007,2017/11/27
正义联盟,,,2017,2017/11/17
白夜追凶,,,2017,2017/10/28
金刚狼2,,,2013,2017/10/11
金刚狼,,,2009,2017/10/8
羞羞的铁拳,,,2017,2017/10/5
蜘蛛侠：英雄归来,,,2017,2017/9/22
绣春刀II：修罗战场,,,2017,2017/9/5
战狼2,,,2017,2017/8/3
神偷奶爸3,,,2017,2017/7/15
隐藏人物,,,2016,2017/6/29
8英里,,,2002,2017/6/28
乘风破浪,,,2017,2017/6/23
神奇女侠,,,2017,2017/6/10
摔跤吧！爸爸,,,2016,2017/5/20
人民的名义,,,2017,2017/5/7
银河护卫队2,,,2017,2017/5/6
射雕英雄传,,,2017,2017/4/5
神探夏洛克 第四季,,,2017,2017/3/6
金刚狼3：殊死一战,,,2017,2017/3/5
爱乐之城,,,2016,2017/3/4
奇异博士,,,2016,2017/2/7
我不是潘金莲,,,2016,2017/2/6
西游伏妖篇,,,2017,2017/2/5
鬼吹灯之精绝古城,,,2016,2017/1/26
西部世界 第一季,,,2016,2016/12/25
长城,,,2016,2016/12/18
三少爷的剑,,,2016,2016/12/11
你的名字。,,,2016,2016/12/4
如果蜗牛有爱情,,,2016,2016/12/2
七月与安生,,,2016,2016/10/30
驴得水,,,2016,2016/10/30
伦敦生活 第一季,,,2016,2016/10/17
湄公河行动,,,2016,2016/10/2
釜山行,,,2016,2016/9/17
请回答1988,,,2015,2016/9/4
微微一笑很倾城,,,2016,2016/8/15
树大招风,,,2016,2016/7/1
X战警：天启,,,2016,2016/6/18
阳光小美女,,,2006,2016/6/12
初恋这件小事,,,2010,2016/6/6
罗马 第二季,,,2007,2016/5/14
美国队长3,,,2016,2016/5/11
罗马 第一季,,,2005,2016/4/24
消失的子弹,,,2012,2016/4/17
奇幻森林,,,2016,2016/4/16
死侍,,,2016,2016/4/10
火锅英雄,,,2016,2016/4/9
解救吾先生,,,2015,2016/4/4
蝙蝠侠大战超人：正义黎明,,,2016,2016/3/28
疯狂动物城,,,2016,2016/3/19
八恶人,,,2015,2016/3/6
史蒂夫·乔布斯,,,2015,2016/3/4
聚焦,,,2015,2016/3/2
心迷宫,,,2014,2016/2/28
美人鱼,,,2016,2016/2/21
福尔摩斯先生,,,2015,2016/2/21
火星救援,,,2015,2016/2/20
间谍之桥,,,2015,2016/2/18
星球大战7：原力觉醒,,,2015,2016/1/31
功夫熊猫3,,,2016,2016/1/31
万万没想到,,,2015,2016/1/26
师父,,,2015,2016/1/20
唐人街探案,,,2015,2016/1/17
刺客聂隐娘,,,2015,2016/1/13
老炮儿,,,2015,2016/1/10
神探夏洛克：可恶的新娘,,,2016,2016/1/7
一个勺子,,,2014,2016/1/7
山河故人,,,2015,2016/1/3
我的少女时代,,,2015,2015/12/26
边境杀手,,,2015,2015/12/26
寻龙诀,,,2015,2015/12/20
冰血暴 第二季,,,2015,2015/12/20
琅琊榜,,,2015,2015/11/22
西游记之大圣归来,,,2015,2015/11/20
蚁人,,,2015,2015/11/7
夏洛特烦恼,,,2015,2015/10/24
再次出发之纽约遇见你,,,2013,2015/10/14
金蝉脱壳,,,2013,2015/10/12
港囧,,,2015,2015/9/27
九层妖塔,,,2015,2015/9/27
十二公民,,,2014,2015/9/25
安妮·霍尔,,,1977,2015/9/21
午夜巴黎,,,2011,2015/9/20
煎饼侠,,,2015,2015/9/15
碟中谍5：神秘国度,,,2015,2015/9/12
少年班,,,2015,2015/9/1
我是路人甲,,,2015,2015/8/30
杀破狼2,,,2015,2015/8/20
速度与激情7,,,2015,2015/8/15
捉妖记,,,2015,2015/8/12
道士下山,,,2015,2015/8/8
疯狂的麦克斯4：狂暴之路,,,2015,2015/6/24
我的个神啊,,,2014,2015/6/7
王牌特工：特工学院,,,2014,2015/6/6
机械姬,,,2014,2015/6/4
哆啦A梦：伴我同行,,,2014,2015/5/31
生活大爆炸 第八季,,,2014,2015/5/24
复仇者联盟2：奥创纪元,,,2015,2015/5/24
黄金时代,,,2014,2015/5/17
回到未来,,,1985,2015/4/12
微爱之渐入佳境,,,2014,2015/4/12
阿黛尔的生活,,,2013,2015/4/1
狼图腾,,,2015,2015/3/29
模仿游戏,,,2014,2015/3/15
美国队长2,,,2014,2015/2/27
彗星来的那一夜,,,2013,2015/2/15
爆裂鼓手,,,2014,2015/2/13
黑镜：圣诞特别篇,,,2014,2015/2/10
鸟人,,,2014,2015/2/8
催眠大师,,,2014,2015/1/26
消失的爱人,,,2014,2015/1/26
霍比特人3：五军之战,,,2014,2015/1/25
未知电影,,,,2015/1/11
马达加斯加的企鹅,,,2014,2015/1/10
智取威虎山,,,2014,2015/1/3
推拿,,,2014,2015/1/1
七剑,,,2005,2014/12/25
黄海,,,2010,2014/12/21
万物理论,,,2014,2014/12/17
匆匆那年,,,2014,2014/12/14
星际穿越,,,2014,2014/11/12
公民凯恩,,,1941,2014/11/10
罪恶之城2,,,2014,2014/11/10
冰血暴,,,1996,2014/11/8
热天午后,,,1975,2014/11/2
超体,,,2014,2014/11/1
背靠背，脸对脸,,,1994,2014/10/21
归来,,,2014,2014/10/15
心花路放,,,2014,2014/10/12
银河护卫队,,,2014,2014/10/12
机动部队,,,2003,2014/9/21
空中营救,,,2014,2014/9/20
落水狗,,,1992,2014/9/14
无耻之徒(美版) 第一季,,,2011,2014/9/11
冲锋队之怒火街头,,,1996,2014/9/8
过年,,,1991,2014/9/8
敢死队3,,,2014,2014/9/7
她,,,2013,2014/8/31
辩护人,,,2013,2014/8/31
猩球崛起2：黎明之战,,,2014,2014/8/30
绣春刀,,,2014,2014/8/10
布达佩斯大饭店,,,2014,2014/8/6
后会无期,,,2014,2014/7/28
变形金刚4：绝迹重生,,,2014,2014/7/7
醉乡民谣,,,2013,2014/7/1
情人,,,1992,2014/6/30
生活大爆炸 第七季,,,2013,2014/6/29
X战警,,,2000,2014/6/29
冰血暴 第一季,,,2014,2014/6/25
明日边缘,,,2014,2014/6/15
阿拉伯的劳伦斯,,,1962,2014/6/9
女人，四十,,,1995,2014/6/2
舌尖上的中国 第二季,,,2014,2014/5/31
X战警：逆转未来,,,2014,2014/5/27
滚滚红尘,,,1990,2014/5/26
盗马贼,,,1986,2014/4/25
帝国的毁灭,,,2004,2014/4/25
为黛西小姐开车,,,1989,2014/4/17
洛奇2,,,1979,2014/4/13
穿普拉达的女王,,,2006,2014/4/2
黑店,,,1972,2014/3/31
华尔街之狼,,,2013,2014/3/26
雪国列车,,,2013,2014/3/25
喋血街头,,,1990,2014/3/23
霍比特人2：史矛革之战,,,2013,2014/3/20
鼠胆龙威,,,1995,2014/3/18
旺角卡门,,,1988,2014/3/18
澳门风云,,,2014,2014/3/17
新不了情,,,1993,2014/3/17
扫毒,,,2013,2014/3/16
童年往事,,,1985,2014/3/13
有话好好说,,,1997,2014/3/10
好家伙,,,1990,2014/3/10
别惹我,,,2013,2014/3/9
天注定,,,2013,2014/3/4
我的野蛮女友,,,2001,2014/3/3
达拉斯买家俱乐部,,,2013,2014/3/3
冰雪奇缘,,,2013,2014/3/1
为奴十二年,,,2013,2014/2/28
胭脂扣,,,1987,2014/2/28
安德的游戏,,,2013,2014/2/26
野兽刑警,,,1998,2014/2/26
私人订制,,,2013,2014/2/19
僵尸,,,2013,2014/2/19
四大名捕,,,2012,2014/2/6
河东狮吼,,,2002,2014/1/29
神探夏洛克 第三季,,,2014,2014/1/20
唐璜,,,2013,2014/1/20
恐怖直播,,,2013,2014/1/17
神探夏洛克  第二季,,,2012,2014/1/16
无人区,,,2013,2014/1/11
大红灯笼高高挂,,,1991,2014/1/8
和你在一起,,,2002,2014/1/8
秋菊打官司,,,1992,2014/1/7
古今大战秦俑情,,,1990,2014/1/7
代号美洲豹,,,1989,2014/1/7
椿三十郎,,,1962,2014/1/5
用心棒,,,1961,2014/1/2
蛇形刁手,,,1978,2013/12/31
十二猴子,,,1995,2013/12/24
千钧一发,,,1997,2013/12/16
弯刀杀戮,,,2013,2013/12/13
双旗镇刀客,,,1991,2013/12/7
美姐,,,2012,2013/12/2
新精武门1991,,,1991,2013/12/1
行运一条龙,,,1998,2013/11/29
望夫成龙,,,1990,2013/11/26
地心引力,,,2013,2013/11/26
龙的传人,,,1991,2013/11/25
醉拳,,,1978,2013/11/8
我是谁,,,1998,2013/11/7
奇谋妙计五福星,,,1983,2013/11/6
神探夏洛克 第一季,,,2010,2013/11/3
青春派,,,2013,2013/10/30
神偷奶爸2,,,2013,2013/10/22
野战排,,,1986,2013/10/15
怪兽大学,,,2013,2013/10/11
摩托日记,,,2004,2013/10/11
爱在午夜降临前,,,2013,2013/10/7
独行侠,,,2013,2013/10/6
老无所依,,,2007,2013/10/3
乔布斯,,,2013,2013/10/2
和莎莫的500天,,,2009,2013/10/2
狄仁杰之神都龙王,,,2013,2013/10/1
借东西的小人阿莉埃蒂,,,2010,2013/9/24
疯狂原始人,,,2013,2013/9/14
惊天魔盗团,,,2013,2013/9/9
僵尸世界大战,,,2013,2013/9/8
了不起的盖茨比,,,2013,2013/8/22
钢铁侠3,,,2013,2013/8/21
盲探,,,2013,2013/8/20
精英部队2：大敌当前,,,2010,2013/8/3
美国X档案,,,1998,2013/7/25
情书,,,1995,2013/7/21
完美的世界,,,1993,2013/7/21
老男孩,,,2003,2013/7/14
超人：钢铁之躯,,,2013,2013/7/10
空军一号,,,1997,2013/7/9
幸福终点站,,,2004,2013/7/8
蝴蝶,,,2002,2013/7/7
巴黎淘气帮,,,2009,2013/7/6
毒战,,,2012,2013/7/2
出租车司机,,,1976,2013/7/2
与狼共舞,,,1990,2013/7/1
邮差,,,1994,2013/6/30
罗生门,,,1950,2013/6/29
勇士,,,2011,2013/6/27
算命,,,2009,2013/6/18
穆赫兰道,,,2001,2013/6/12
月球漫步,,,1988,2013/6/9
中国合伙人,,,2013,2013/6/7
毕业后的大多数,,,2011,2013/6/6
教父3,,,1990,2013/6/2
幽灵公主,,,1997,2013/6/1
音乐之声,,,1965,2013/5/30
生活大爆炸 第六季,,,2012,2013/5/19
偶滴神啊,,,2012,2013/5/19
走出非洲,,,1985,2013/5/19
英雄本色2,,,1987,2013/5/12
梦之安魂曲,,,2000,2013/4/30
致我们终将逝去的青春,,,2013,2013/4/30
被嫌弃的松子的一生,,,2006,2013/4/21
七武士,,,1954,2013/4/21
乱世佳人,,,1939,2013/4/14
哪吒闹海,,,1979,2013/4/9
穿条纹睡衣的男孩,,,2008,2013/4/9
末路狂花,,,1991,2013/4/7
火柴人,,,2003,2013/4/5
迷雾,,,2007,2013/4/5
追男仔,,,1993,2013/4/4
绿里奇迹,,,1999,2013/4/4
被解救的姜戈,,,2012,2013/3/31
日落号列车,,,2011,2013/3/30
一代宗师,,,2013,2013/3/27
黑镜 第二季,,,2013,2013/3/21
悲惨世界,,,2012,2013/3/17
虎胆龙威5,,,2013,2013/3/16
秋天的童话,,,1987,2013/3/10
云图,,,2012,2013/3/10
黑镜 第一季,,,2011,2013/3/9
逃离德黑兰,,,2012,2013/3/5
偷拐抢骗,,,2000,2013/2/27
西游降魔篇,,,2013,2013/2/26
一九四二,,,2012,2013/2/24
霍比特人1：意外之旅,,,2012,2013/2/24
无敌破坏王,,,2012,2013/2/23
十二生肖,,,2012,2013/2/22
开心家族,,,2010,2013/2/19
撞车,,,2004,2013/1/29
007：大破天幕杀机,,,2012,2013/1/26
入殓师,,,2008,2013/1/24
卢旺达饭店,,,2004,2013/1/22
碧海蓝天,,,1988,2013/1/20
坏未来,,,2013,2013/1/18
超时空接触,,,1997,2013/1/16
喜宴,,,1993,2013/1/12
杀人回忆,,,2003,2013/1/10
寒战,,,2012,2013/1/7
人再囧途之泰囧,,,2012,2012/12/30
叫我第一名,,,2008,2012/12/23
朗读者,,,2008,2012/12/19
马达加斯加3,,,2012,2012/12/15
月神,,,2011,2012/12/13
银河系漫游指南,,,2005,2012/12/11
孤儿怨,,,2009,2012/12/10
燃情岁月,,,1994,2012/12/7
海盗电台,,,2009,2012/12/7
非常嫌疑犯,,,1995,2012/12/5
罗拉快跑,,,1998,2012/12/2
楢山节考,,,1983,2012/12/2
猫鼠游戏,,,2002,2012/12/2
少年派的奇幻漂流,,,2012,2012/11/25
食物,,,1992,2012/11/20
真爱至上,,,2003,2012/11/19
旅行到宇宙边缘,,,2008,2012/11/13
百万美元宝贝,,,2004,2012/11/13
摇滚多多,,,2006,2012/11/10
独裁者,,,2012,2012/11/4
普罗米修斯,,,2012,2012/11/3
土拨鼠之日,,,1993,2012/10/21
环形使者,,,2012,2012/10/7
敢死队2,,,2012,2012/10/3
白鹿原,,,2012,2012/9/16
蝙蝠侠：黑暗骑士崛起,,,2012,2012/9/14
憨豆的黄金周,,,2007,2012/9/6
空山灵雨,,,1979,2012/9/1
菊豆,,,1990,2012/8/21
神探亨特张,,,2012,2012/8/20
香港制造,,,1997,2012/8/19
冰山上的来客,,,1963,2012/8/16
搜索,,,2012,2012/8/14
搞定岳父大人,,,2012,2012/8/14
烈火战车,,,1981,2012/8/12
听风者,,,2012,2012/8/11
辛德勒的名单,,,1993,2012/8/5
一次别离,,,2011,2012/8/2
美国往事,,,1984,2012/7/29
冰川时代3,,,2009,2012/7/26
黄金三镖客,,,1966,2012/7/26
天伦之旅,,,2009,2012/7/25
我可能不会爱你,,,2011,2012/7/25
美国派4：美国重逢,,,2012,2012/7/21
半夜不要照镜子,,,2012,2012/7/2
赛德克·巴莱,,,2012,2012/6/22
荒岛余生,,,2000,2012/6/17
阿飞正传,,,1990,2012/6/6
钢的琴,,,2010,2012/5/31
黑衣人3,,,2012,2012/5/30
冰川时代,,,2002,2012/5/23
全金属外壳,,,1987,2012/5/18
天堂电影院,,,1988,2012/5/17
少林三十六房,,,1978,2012/5/16
投奔怒海,,,1982,2012/5/13
复仇者联盟,,,2012,2012/5/11
初恋50次,,,2004,2012/5/11
赤裸羔羊,,,1992,2012/5/11
E.T.外星人,,,1982,2012/5/11
阳光下的罪恶,,,1982,2012/5/10
生活大爆炸  第五季,,,2011,2012/5/10
触不可及,,,2011,2012/5/7
人工智能,,,2001,2012/5/5
钱学森,,,2012,2012/5/5
春娇与志明,,,2012,2012/5/4
怦然心动,,,2010,2012/5/2
桃姐,,,2011,2012/5/1
黄金大劫案,,,2012,2012/4/29
红粉联盟,,,1992,2012/4/24
记忆碎片,,,2000,2012/4/22
超级战舰,,,2012,2012/4/21
忠犬八公的故事,,,2009,2012/4/21
恐怖游轮,,,2009,2012/4/19
大侦探福尔摩斯2：诡影游戏,,,2011,2012/4/18
碟中谍4,,,2011,2012/4/17
调音师(短片),,,2010,2012/4/16
再见列宁,,,2003,2012/4/16
艺术家,,,2011,2012/4/15
一一,,,2000,2012/4/15
洛城机密,,,1997,2012/4/2
洛奇,,,1976,2012/4/1
大魔术师,,,2011,2012/3/29
雨人,,,1988,2012/3/26
宗教的荒谬,,,2008,2012/3/17
埃及王子,,,1998,2012/3/15
金陵十三钗,,,2011,2012/3/12
一个都不能少,,,1999,2012/3/4
漂亮妈妈,,,2000,2012/3/4
十二怒汉,,,1957,2012/3/4
美国丽人,,,1999,2012/3/3
这个杀手不太冷,,,1994,2012/3/3
浮生一日,,,2011,2012/3/2
变脸,,,1997,2012/3/1
鸿门宴传奇,,,2011,2012/3/1
雨果,,,2011,2012/2/29
赌王之王,,,1998,2012/2/29
红猪,,,1992,2012/2/27
丁丁历险记,,,2011,2012/2/26
追捕,,,1976,2012/2/25
那些年，我们一起追的女孩,,,2011,2012/2/25
龙门飞甲,,,2011,2012/2/23
甘地传,,,1982,2012/2/22
我是你爸爸,,,2000,2012/2/21
金赛性学教授,,,2004,2012/2/20
城南旧事,,,1983,2012/2/17
欧洲性旅行,,,2004,2012/2/16
宿醉,,,2009,2012/2/13
宝莲灯,,,1999,2012/2/11
不见不散,,,1998,2012/2/11
艋舺,,,2010,2012/2/10
青春感恩记《父亲》之《父子篇》,,,2012,2012/2/7
没完没了,,,1999,2012/2/7
兰戈,,,2011,2012/2/1
铁甲钢拳,,,2011,2012/2/1
亲密敌人,,,2011,2012/1/29
失恋33天,,,2011,2012/1/13
驯龙高手番外篇：龙的礼物,,,2011,2012/1/12
幸福59厘米之小马,,,2011,2012/1/12
想飞的钢琴少年,,,2006,2012/1/1
太阳照常升起,,,2007,2011/12/30
青春感恩记《父亲》之《父女篇》,,,2011,2011/12/22
坏机器人,,,2011,2011/12/17
人类之子,,,2006,2011/12/13
色情男女,,,1996,2011/12/12
江湖告急,,,2000,2011/12/11
暗恋桃花源,,,1992,2011/12/10
苏州河,,,2000,2011/12/6
穿越时空的少女,,,2006,2011/12/5
人民英雄,,,1987,2011/12/3
无耻混蛋,,,2009,2011/11/27
本杰明·巴顿奇事,,,2008,2011/11/26
唐人街,,,1974,2011/11/25
剪刀手爱德华,,,1990,2011/11/25
摩登时代,,,1936,2011/11/21
西西里的美丽传说,,,2000,2011/11/20
爱在日落黄昏时,,,2004,2011/11/20
李献计历险记,,,2011,2011/11/20
变形金刚3,,,2011,2011/11/19
猩球崛起,,,2011,2011/11/19
陆小凤传奇之血衣之谜,,,2007,2011/11/19
陆小凤传奇之绣花大盗,,,2007,2011/11/19
陆小凤传奇之大金鹏王,,,2007,2011/11/19
陆小凤传奇之银钩赌坊,,,2007,2011/11/19
陆小凤传奇之幽灵山庄,,,2007,2011/11/19
陆小凤传奇之剑神一笑,,,2007,2011/11/19
陆小凤传奇之凤舞九天,,,2006,2011/11/19
陆小凤传奇之决战前后,,,2007,2011/11/19
功夫熊猫2,,,2011,2011/11/19
变蝇人,,,1986,2011/11/18
解放军在巴黎,,,1974,2011/11/18
辛亥革命,,,2011,2011/11/15
走向共和,,,2003,2011/11/15
我们俩,,,2005,2011/11/13
花火,,,1997,2011/11/12
省港旗兵,,,1984,2011/11/12
伊莎贝拉,,,2006,2011/11/9
名侦探柯南：沉默的十五分钟,,,2011,2011/11/7
方便面时代,,,2006,2011/10/29
天空之城,,,1986,2011/9/24
风柜来的人,,,1983,2011/9/23
海洋,,,2009,2011/9/11
里约大冒险,,,2011,2011/9/11
源代码,,,2011,2011/9/11
速度与激情5,,,2011,2011/9/9
武侠,,,2011,2011/9/6
哈利·波特与死亡圣器(下),,,2011,2011/9/2
红领巾,,,2011,2011/8/6
白玉老虎,,,1977,2011/7/21
天涯明月刀,,,1976,2011/7/20
终极快递,,,2010,2011/7/8
建党伟业,,,2011,2011/7/3
洗澡,,,1999,2011/6/23
最爱,,,2011,2011/6/21
3D肉蒲团之极乐宝鉴,,,2011,2011/6/19
昨天,,,2001,2011/6/17
新流星蝴蝶剑,,,1993,2011/6/16
阿凡提的故事之卖树荫,,,1981,2011/6/16
黑金,,,1997,2011/6/14
告白,,,2010,2011/6/14
美国派,,,1999,2011/6/12
色即是空2,,,2007,2011/6/12
色即是空,,,2002,2011/6/12
监狱风云,,,1987,2011/6/12
黑社会2：以和为贵,,,2006,2011/6/8
八仙饭店之人肉叉烧包,,,1993,2011/6/8
海角七号,,,2008,2011/6/7
数学的故事,,,2008,2011/6/7
单身男女,,,2011,2011/6/4
加勒比海盗4：惊涛怪浪,,,2011,2011/5/30
那山那人那狗,,,1999,2011/5/28
心慌方,,,1997,2011/5/26
麦兜故事,,,2001,2011/5/23
战国,,,2011,2011/5/19
此间的少年,,,2010,2011/5/17
和平饭店,,,1995,2011/5/17
天书奇谭,,,1983,2011/5/15
不射之射,,,1988,2011/5/15
泰山,,,1999,2011/5/15
镜花缘,,,1991,2011/5/15
三国志,,,1992,2011/5/15
本命年,,,1990,2011/5/15
97家有喜事,,,1997,2011/5/13
饮食男女,,,1994,2011/5/12
孔雀,,,2005,2011/5/10
硬汉2：奉陪到底,,,2011,2011/5/10
立春,,,2007,2011/5/10
边城,,,1984,2011/5/10
疯狂的兔子,,,1997,2011/5/10
大块头有大智慧,,,2003,2011/5/10
京都球侠,,,1987,2011/5/10
紫日,,,2001,2011/5/10
金瓶梅,,,2008,2011/5/10
金瓶梅Ⅱ愛的奴隸,,,2009,2011/5/10
美丽的大脚,,,2002,2011/5/10
不能说的秘密,,,2007,2011/5/10
红河谷,,,1996,2011/5/10
孔子,,,2010,2011/5/10
遗愿清单,,,2007,2011/5/9
奋斗,,,2011,2011/5/8
请为我投票,,,2007,2011/5/7
电锯惊魂3,,,2006,2011/5/5
电锯惊魂2,,,2005,2011/5/5
电锯惊魂,,,2004,2011/5/4
关云长,,,2011,2011/5/3
城市猎人,,,1993,2011/5/3
可可西里,,,2004,2011/5/3
南京！南京！,,,2009,2011/5/2
爱在黎明破晓前,,,1995,2011/5/2
小武,,,1998,2011/5/1
风声,,,2009,2011/5/1
致命ID,,,2003,2011/5/1
第六感,,,1999,2011/5/1
天若有情,,,1990,2011/4/30
窃听风暴,,,2006,2011/4/30
苍蝇一分钟的生命,,,2008,2011/4/30
寂静岭,,,2006,2011/4/30
生活大爆炸  第四季,,,2010,2011/4/29
打擂台,,,2010,2011/4/21
月球,,,2009,2011/4/17
禁闭岛,,,2010,2011/4/16
超人总动员,,,2004,2011/4/13
白发魔女2,,,1993,2011/4/13
白发魔女传,,,1993,2011/4/13
阿郎的故事,,,1989,2011/4/8
这个男人来自地球,,,2007,2011/4/7
黄土地,,,1984,2011/4/6
小鞋子,,,1997,2011/4/6
半斤八两,,,1976,2011/4/5
信号,,,2008,2011/4/5
星球大战前传3：西斯的反击,,,2005,2011/4/5
集结号,,,2007,2011/4/5
心急吃不了热豆腐,,,2005,2011/4/5
第一滴血3,,,1988,2011/4/4
第一滴血2,,,1985,2011/4/4
逃出克隆岛,,,2005,2011/4/4
星球大战前传1：幽灵的威胁,,,1999,2011/4/4
星球大战3：绝地归来,,,1983,2011/4/4
星球大战2：帝国反击战,,,1980,2011/4/4
星球大战,,,1977,2011/4/3
钢铁侠,,,2008,2011/4/2
超人归来,,,2006,2011/4/2
哥斯拉,,,1998,2011/4/2
达·芬奇密码,,,2006,2011/4/2
星球大战前传2：克隆人的进攻,,,2002,2011/4/2
垂帘听政,,,1983,2011/4/2
哈利·波特与死亡圣器(上),,,2010,2011/3/31
一个字头的诞生,,,1997,2011/3/28
花木兰,,,1998,2011/3/27
周恩来,,,1992,2011/3/27
飞鹰计划,,,1991,2011/3/27
龙兄虎弟,,,1986,2011/3/27
快餐车,,,1984,2011/3/25
桃花运,,,2008,2011/3/23
戒烟不戒酒,,,2011,2011/3/23
荒野生存,,,2007,2011/3/22
火烧圆明园,,,1983,2011/3/20
雨中曲,,,1952,2011/3/20
我爱HK 开心万岁,,,2011,2011/3/19
色，戒,,,2007,2011/3/18
刀,,,1995,2011/3/18
阮玲玉,,,1991,2011/3/16
五亿探长雷洛传2：父子情仇,,,1991,2011/3/14
古墓荒斋,,,1991,2011/3/14
我的兄弟姐妹,,,2001,2011/3/14
五亿探长雷洛传1：雷老虎,,,1991,2011/3/14
李米的猜想,,,2008,2011/3/12
画皮之阴阳法王,,,1992,2011/3/12
跛豪,,,1991,2011/3/11
慈禧秘密生活,,,1995,2011/3/11
黑天鹅,,,2010,2011/3/8
国王的演讲,,,2010,2011/3/7
蜘蛛侠2,,,2004,2011/3/3
神奇四侠2,,,2007,2011/3/3
神奇四侠,,,2005,2011/3/3
魔发奇缘,,,2010,2011/3/3
危情时速,,,2010,2011/3/3
生活大爆炸  第一季,,,2007,2011/3/3
青蜂侠,,,2011,2011/2/27
功夫兔系列3：菜包狗大反击,,,2009,2011/2/27
超级大坏蛋,,,2010,2011/2/27
新少林寺,,,2011,2011/2/27
武林外传,,,2011,2011/2/26
富贵逼人,,,1987,2011/2/20
浪潮,,,2008,2011/1/22
发条橙,,,1971,2011/1/21
O记三合会档案,,,1999,2011/1/20
92黑玫瑰对黑玫瑰,,,1992,2011/1/6
孩子王,,,1987,2011/1/3
钢琴家,,,2002,2011/1/2
芙蓉镇,,,1987,2010/12/31
赵氏孤儿,,,2010,2010/12/29
非诚勿扰2,,,2010,2010/12/28
大笑江湖,,,2010,2010/12/24
让子弹飞,,,2010,2010/12/22
大逃杀,,,2000,2010/12/18
社交网络,,,2010,2010/12/17
猫头鹰王国：守卫者传奇,,,2010,2010/12/16
神偷奶爸,,,2010,2010/12/4
密室之不可告人,,,2010,2010/12/2
功夫熊猫感恩节特辑,,,2010,2010/11/29
勺子杀人狂,,,2008,2010/11/27
蝴蝶效应,,,2004,2010/11/27
自由边缘,,,2000,2010/11/25
生化危机4：战神再生,,,2010,2010/11/24
魂断蓝桥,,,1940,2010/11/23
怪物史瑞克2,,,2004,2010/11/20
怪物史瑞克3,,,2007,2010/11/20
怪物史瑞克,,,2001,2010/11/20
怪物史瑞克4,,,2010,2010/11/20
迁徙的鸟,,,2001,2010/11/19
红领巾侠,,,2010,2010/11/19
歪小子斯科特对抗全世界,,,2010,2010/11/18
狼犬丹尼,,,2005,2010/11/17
西风烈,,,2010,2010/11/16
岁月神偷,,,2010,2010/11/14
大鱼,,,2003,2010/11/13
龙猫,,,1988,2010/11/12
牯岭街少年杀人事件,,,1991,2010/11/11
荆轲刺秦王,,,1998,2010/11/9
音乐人生,,,2009,2010/11/4
三傻大闹宝莱坞,,,2009,2010/11/3
11度青春之《老男孩》,,,2010,2010/11/1
志明与春娇,,,2010,2010/11/1
冲出亚马逊,,,2002,2010/10/30
天浴,,,1998,2010/10/28
金鸡2,,,2003,2010/10/27
盲井,,,2003,2010/10/27
金鸡,,,2002,2010/10/25
破事儿,,,2007,2010/10/24
大丈夫,,,2003,2010/10/22
骨碎龙传说,,,2010,2010/10/19
玩具总动员3,,,2010,2010/10/19
狄仁杰之通天帝国,,,2010,2010/10/16
双瞳,,,2002,2010/10/15
剑雨,,,2010,2010/10/10
笑傲江湖,,,1990,2010/10/6
精武门,,,1972,2010/10/5
驯龙高手,,,2010,2010/10/4
精武风云·陈真,,,2010,2010/10/1
线人,,,2010,2010/9/30
恋爱通告,,,2010,2010/9/28
山楂树之恋,,,2010,2010/9/26
上帝也疯狂2,,,1989,2010/9/22
上帝也疯狂,,,1980,2010/9/22
人间喜剧,,,2010,2010/9/22
玛丽和马克思,,,2009,2010/9/21
青春梦工场,,,2005,2010/9/20
阿Q正传,,,1981,2010/9/20
唐山大地震,,,2010,2010/9/20
离开雷锋的日子,,,1996,2010/9/19
棋王,,,1991,2010/9/15
蜀山：新蜀山剑侠,,,1983,2010/9/15
小兵张嘎,,,1963,2010/9/14
祝福,,,1956,2010/9/14
梅兰芳,,,2008,2010/9/14
幸福时光,,,2000,2010/9/14
千里走单骑,,,2005,2010/9/14
独臂刀,,,1967,2010/9/14
怪兽电力公司,,,2001,2010/9/10
玩具总动员,,,1995,2010/9/9
钢铁侠2,,,2010,2010/9/9
盗梦空间,,,2010,2010/9/6
龙凤店,,,2010,2010/9/5
死亡诗社,,,1989,2010/9/3
敢死队,,,2010,2010/9/2
蓝风筝,,,1993,2010/9/2
叶问前传,,,2010,2010/8/27
山村老尸,,,1999,2010/8/25
城市之光,,,1931,2010/8/22
功夫梦,,,2010,2010/8/22
巴顿将军,,,1970,2010/8/15
金钱帝国,,,2009,2010/8/14
老妇人与死神,,,2009,2010/7/29
商标的世界,,,2009,2010/7/29
花样年华,,,2000,2010/7/29
魔术师,,,2006,2010/7/9
天使与魔鬼,,,2009,2010/7/9
东方快车谋杀案,,,1974,2010/7/9
昼与夜,,,2010,2010/7/9
独自等待,,,2004,2010/7/8
围城,,,1990,2010/7/8
东邪西毒：终极版,,,2008,2010/7/8
唐朝豪放女,,,1984,2010/7/8
喋血双雄,,,1989,2010/7/8
买凶拍人,,,2001,2010/7/7
富贵列车,,,1986,2010/7/7
十面埋伏,,,2004,2010/7/7
波斯王子：时之刃,,,2010,2010/7/7
辣手神探,,,1992,2010/7/7
大闹天宫,,,1961,2010/7/6
甜蜜蜜,,,1996,2010/7/6
三国,,,2010,2010/7/3
人在囧途,,,2010,2010/6/18
神笔,,,1955,2010/6/15
四百击,,,1959,2010/6/15
生活大爆炸  第三季,,,2009,2010/6/15
北朝鲜纪实,,,2005,2010/6/4
海扁王,,,2010,2010/5/29
东京攻略,,,2000,2010/5/29
东风雨,,,2010,2010/5/22
爱丽丝梦游仙境,,,2010,2010/5/15
国家地理：北韩揭秘,,,2007,2010/5/13
叶问2：宗师传奇,,,2010,2010/5/12
后窗,,,1954,2010/5/3
盗火线,,,1995,2010/5/3
午夜凶铃,,,1998,2010/5/3
邓小平,,,2003,2010/4/29
达摩祖师,,,1994,2010/4/29
猜火车,,,1996,2010/4/29
苏乞儿,,,2010,2010/4/27
杜拉拉升职记,,,2010,2010/4/25
火龙对决,,,2010,2010/4/23
蓝色大门,,,2002,2010/4/10
北京浪花,,,2005,2010/4/10
越光宝盒,,,2010,2010/4/10
猛龙过江,,,1972,2010/3/28
古墓丽影,,,2001,2010/3/21
杀死比尔2,,,2004,2010/3/21
两杆大烟枪,,,1998,2010/3/21
三枪拍案惊奇,,,2009,2010/3/20
大兵小将,,,2010,2010/3/19
杀死比尔,,,2003,2010/3/18
西雅图未眠夜,,,1993,2010/3/18
福星高照,,,1985,2010/3/18
埃及艳后的任务,,,2002,2010/3/18
阿凡达：创建潘多拉世界,,,2010,2010/3/18
你丫闭嘴！,,,2003,2010/3/18
未知电影,,,,2010/3/18
暴力街区,,,2004,2010/3/18
顽主,,,1988,2010/3/18
街头霸王: 春丽传奇,,,2009,2010/3/18
第六日,,,2000,2010/3/18
蜘蛛侠3,,,2007,2010/3/18
通缉令,,,2008,2010/3/18
霹雳娇娃,,,2000,2010/3/18
龙之吻,,,2001,2010/3/18
蜘蛛侠,,,2002,2010/3/18
飞鹰,,,2004,2010/3/18
天下无贼,,,2004,2010/3/18
A计划续集,,,1987,2010/3/18
没事偷着乐,,,1999,2010/3/18
非诚勿扰,,,2008,2010/3/18
后天,,,2004,2010/3/18
三毛从军记,,,1992,2010/3/18
疯狂的赛车,,,2009,2010/3/18
手机,,,2003,2010/3/18
大腕,,,2001,2010/3/18
小鸡快跑,,,2000,2010/3/18
即日启程,,,2008,2010/3/18
冰川时代2,,,2006,2010/3/18
爱情呼叫转移Ⅱ：爱情左右,,,2008,2010/3/18
变形金刚2,,,2009,2010/3/18
爱情呼叫转移,,,2007,2010/3/18
小鬼当家,,,1990,2010/3/18
十全九美,,,2008,2010/3/18
道格的特别任务,,,2009,2010/3/18
跳跳羊,,,2004,2010/3/18
顽皮跳跳灯,,,1986,2010/3/18
松鼠，坚果和时间机器,,,2006,2010/3/18
海豚湾,,,2009,2010/3/14
李献计历险记,,,2009,2010/3/13
惊魂记,,,1960,2010/3/13
命运呼叫转移,,,2007,2010/3/13
夜·店,,,2009,2010/3/13
大侦探福尔摩斯,,,2009,2010/3/13
宇宙追缉令,,,2001,2010/3/12
熊猫大侠,,,2009,2010/3/10
曼谷杀手,,,2008,2010/3/9
007：大破量子危机,,,2008,2010/3/9
锦衣卫,,,2010,2010/3/9
宋家皇朝,,,1997,2010/3/7
72家租客,,,2010,2010/3/6
黑侠,,,1996,2010/1/26
阿凡达,,,2009,2010/1/23
勇敢的心,,,1995,2010/1/23
风云Ⅱ,,,2009,2010/1/20
高兴,,,2009,2010/1/19
生死抉择,,,2000,2010/1/19
十月围城,,,2009,2010/1/19
追影,,,2009,2010/1/18
刺陵,,,2009,2010/1/15
甲方乙方,,,1997,2010/1/10
疯狂的石头,,,2006,2010/1/10
致命魔术,,,2006,2010/1/2
无间道风云,,,2006,2010/1/1
十三罗汉,,,2007,2010/1/1
古墓丽影2,,,2003,2010/1/1
极限特工2,,,2005,2010/1/1
极限特工,,,2002,2010/1/1
玩命快递,,,2002,2010/1/1
少林寺,,,1982,2009/12/27
大灌篮,,,2008,2009/12/27
锡铁小兵,,,1988,2009/12/27
无极,,,2005,2009/12/27
满城尽带黄金甲,,,2006,2009/12/27
霹雳娇娃2,,,2003,2009/12/27
小杰克的攻击,,,2005,2009/12/27
超级计划,,,1993,2009/12/27
黑衣人2,,,2002,2009/12/27
尖峰时刻,,,1998,2009/12/27
双子神偷,,,2007,2009/12/27
醉拳3,,,1994,2009/12/27
卡萨布兰卡,,,1942,2009/12/27
难以忽视的真相,,,2006,2009/12/26
天才瑞普利,,,1999,2009/12/26
夕阳天使,,,2002,2009/12/21
就是这样,,,2009,2009/12/21
绝代双骄,,,1992,2009/12/19
纵横四海,,,1991,2009/12/16
花木兰,,,2009,2009/12/15
放牛班的春天,,,2004,2009/12/14
醉拳2,,,1994,2009/12/14
2012,,,2009,2009/12/14
笑林小子,,,1994,2009/12/12
神奇燕尾服,,,2002,2009/12/12
尖峰时刻2,,,2001,2009/12/12
飞龙再生,,,2003,2009/12/12
环游地球八十天,,,2004,2009/12/12
尖峰时刻3,,,2007,2009/12/12
新宿事件,,,2009,2009/12/12
黄飞鸿之五：龙城歼霸,,,1994,2009/12/12
天脉传奇,,,2002,2009/12/12
A计划,,,1983,2009/12/12
黄飞鸿之四：王者之风,,,1993,2009/12/9
红番区,,,1995,2009/12/4
美国派(番外篇)7：索爱天书,,,2009,2009/11/30
香水,,,2006,2009/11/29
地道战,,,1965,2009/11/28
蝙蝠侠与罗宾,,,1997,2009/11/28
黑侠2,,,2002,2009/11/28
红高粱,,,1988,2009/11/28
正牌韦小宝之奉旨沟女,,,1993,2009/11/28
神枪手与智多星,,,2007,2009/11/28
蝙蝠侠：侠影之谜,,,2005,2009/11/28
硬汉,,,2008,2009/11/28
夺标,,,2008,2009/11/28
英雄,,,2002,2009/11/28
银翼杀手,,,1982,2009/11/28
防弹武僧,,,2003,2009/11/28
伯恩的身份,,,1988,2009/11/28
黄飞鸿之西域雄狮,,,1997,2009/11/28
龙在少林,,,1996,2009/11/28
三岔口,,,2005,2009/11/28
最佳女婿,,,1988,2009/11/28
江山美人,,,2008,2009/11/28
霍元甲,,,2006,2009/11/28
龙虎门,,,2006,2009/11/28
角斗士,,,2000,2009/11/28
美丽人生,,,1997,2009/11/27
高三,,,2005,2009/11/21
天生杀人狂,,,1994,2009/11/21
新天龙八部之天山童姥,,,1994,2009/11/19
中华英雄,,,1999,2009/11/19
赤壁(下),,,2009,2009/11/19
夺帅,,,2008,2009/11/19
超级学校霸王,,,1993,2009/11/19
卧虎藏龙,,,2000,2009/11/19
第一诫,,,2008,2009/11/19
古惑仔情义篇之洪兴十三妹,,,1998,2009/11/19
刀剑笑,,,1994,2009/11/19
胜者为王,,,2000,2009/11/19
98古惑仔之龙争虎斗,,,1998,2009/11/19
97古惑仔战无不胜,,,1997,2009/11/19
古惑仔3之只手遮天,,,1996,2009/11/19
古惑仔2之猛龙过江,,,1996,2009/11/19
十兄弟,,,1995,2009/11/19
呆佬拜寿,,,1995,2009/11/19
剑蝶,,,2008,2009/11/19
古惑仔之人在江湖,,,1996,2009/11/19
冒险王,,,1996,2009/11/19
玻璃樽,,,1999,2009/11/19
蜀山传,,,2001,2009/11/19
大事件,,,2004,2009/11/19
决战紫禁之巅,,,2000,2009/11/19
杀破狼,,,2005,2009/11/19
功夫之王,,,2008,2009/11/19
三国之见龙卸甲,,,2008,2009/11/19
老鼠爱上猫,,,2003,2009/11/19
导火线,,,2007,2009/11/19
千机变Ⅱ花都大战,,,2004,2009/11/19
男儿本色,,,2007,2009/11/19
千机变,,,2003,2009/11/19
韩城攻略,,,2005,2009/11/19
情癫大圣,,,2005,2009/11/19
神话,,,2005,2009/11/19
芭啦芭啦樱之花,,,2001,2009/11/19
新警察故事,,,2004,2009/11/19
长江七号,,,2008,2009/11/19
头文字D,,,2005,2009/11/19
天下无双,,,2002,2009/11/19
画皮,,,2008,2009/11/19
赤壁(上),,,2008,2009/11/19
投名状,,,2007,2009/11/19
宝贝计划,,,2006,2009/11/19
叶问,,,2008,2009/11/19
夺宝奇兵,,,1981,2009/11/18
毕业生,,,1967,2009/11/18
风云雄霸天下,,,1998,2009/11/18
十七岁的单车,,,2001,2009/11/18
奇爱博士,,,1964,2009/11/18
神探,,,2007,2009/11/18
007：大战皇家赌场,,,2006,2009/11/18
哈尔的移动城堡,,,2004,2009/11/18
水浒传之英雄本色,,,1993,2009/11/18
东方三侠,,,1993,2009/11/18
六指琴魔,,,1994,2009/11/18
咖喱辣椒,,,1990,2009/11/18
鬼子来了,,,2000,2009/11/17
第九区,,,2009,2009/11/15
东方不败之风云再起,,,1993,2009/11/12
虎口脱险,,,1966,2009/11/9
阳光灿烂的日子,,,1994,2009/11/7
风之谷,,,1984,2009/11/7
莫扎特传,,,1984,2009/11/7
2001太空漫游,,,1968,2009/11/7
重庆森林,,,1994,2009/11/7
暖暖内含光,,,2004,2009/11/7
东邪西毒,,,1994,2009/11/7
心灵捕手,,,1997,2009/11/7
谍影重重3,,,2007,2009/11/7
谍影重重,,,2002,2009/11/7
廊桥遗梦,,,1995,2009/11/7
末代皇帝,,,1987,2009/11/7
谍影重重2,,,2004,2009/11/7
暗花,,,1998,2009/11/7
尼罗河上的惨案,,,1978,2009/11/7
闪灵,,,1980,2009/11/7
愤怒的公牛,,,1980,2009/11/6
吴清源,,,2006,2009/11/6
情圣,,,1991,2009/11/2
金刚,,,2005,2009/11/1
整蛊专家,,,1991,2009/10/26
窃听风云,,,2009,2009/10/26
电焊工波力,,,2008,2009/10/26
门徒,,,2007,2009/10/26
飞屋环游记,,,2009,2009/10/24
黑社会,,,2005,2009/10/23
瘦身男女,,,2001,2009/10/23
警察故事4：简单任务,,,1996,2009/10/23
警察故事3：超级警察,,,1992,2009/10/23
警察故事续集,,,1988,2009/10/23
警察故事,,,1985,2009/10/22
破坏之王,,,1994,2009/10/22
生死时速,,,1994,2009/10/21
现代启示录,,,1979,2009/10/19
建国大业,,,2009,2009/10/16
一本漫画闯天涯,,,1990,2009/10/16
无敌幸运星,,,1990,2009/10/16
洪熙官,,,1994,2009/10/16
给爸爸的信,,,1995,2009/10/16
太极张三丰,,,1993,2009/10/16
生活大爆炸  第二季,,,2008,2009/10/15
漫画威龙,,,1992,2009/10/15
少年黄飞鸿之铁马骝,,,1993,2009/10/15
倚天屠龙记之魔教教主,,,1993,2009/10/15
精武英雄,,,1994,2009/10/15
笑傲江湖2：东方不败,,,1992,2009/10/15
方世玉续集,,,1993,2009/10/15
黄飞鸿之三：狮王争霸,,,1992,2009/10/15
黄飞鸿之二：男儿当自强,,,1992,2009/10/15
千王之王2000,,,1999,2009/10/15
枪火,,,1999,2009/10/15
中南海保镖,,,1994,2009/10/15
方世玉,,,1993,2009/10/15
黄飞鸿,,,1991,2009/10/15
回魂夜,,,1995,2009/10/15
赌神2,,,1994,2009/10/15
功夫,,,2004,2009/10/15
无间道3：终极无间,,,2003,2009/10/15
英雄本色,,,1986,2009/10/15
倩女幽魂3：道道道,,,1991,2009/10/15
木乃伊归来,,,2001,2009/10/15
黑客帝国3：矩阵革命,,,2003,2009/10/15
赌侠,,,1990,2009/10/15
百变星君,,,1995,2009/10/15
逃学威龙2,,,1992,2009/10/15
武状元苏乞儿,,,1992,2009/10/15
赌圣,,,1990,2009/10/15
逃学威龙,,,1991,2009/10/15
哈利·波特与凤凰社,,,2007,2009/10/15
冒牌天神,,,2003,2009/10/15
变相怪杰,,,1994,2009/10/15
第一滴血,,,1982,2009/10/15
第五元素,,,1997,2009/10/15
赌神,,,1989,2009/10/15
木乃伊,,,1999,2009/10/15
黑客帝国动画版,,,2003,2009/10/15
美食总动员,,,2007,2009/10/15
无间道2,,,2003,2009/10/15
家有喜事,,,1992,2009/10/15
少林足球,,,2001,2009/10/15
棋逢敌手,,,1997,2009/10/15
倩女幽魂2：人间道,,,1990,2009/10/15
黑衣人,,,1997,2009/10/15
倩女幽魂,,,1987,2009/10/15
喜剧之王,,,1999,2009/10/15
审死官,,,1992,2009/10/15
算死草,,,1997,2009/10/15
终结者2：审判日,,,1991,2009/10/15
哈利·波特与混血王子,,,2009,2009/10/15
逃学威龙3之龙过鸡年,,,1993,2009/10/15
黑客帝国2：重装上阵,,,2003,2009/10/15
哈利·波特与火焰杯,,,2005,2009/10/15
食神,,,1996,2009/10/15
大内密探零零发,,,1996,2009/10/15
哈利·波特与阿兹卡班的囚徒,,,2004,2009/10/15
九品芝麻官,,,1994,2009/10/15
鹿鼎记2：神龙教,,,1992,2009/10/15
哈利·波特与密室,,,2002,2009/10/15
青蛇,,,1993,2009/10/15
暗战,,,1999,2009/10/15
我，机器人,,,2004,2009/10/15
新龙门客栈,,,1992,2009/10/15
功夫熊猫之盖世五侠的秘密,,,2008,2009/10/15
贫民窟的百万富翁,,,2008,2009/10/15
鸟！鸟！鸟！,,,2000,2009/10/15
蝙蝠侠：黑暗骑士,,,2008,2009/10/15
国家宝藏,,,2004,2009/10/15
沉默的羔羊,,,1991,2009/10/15
功夫熊猫,,,2008,2009/10/15
狮子王,,,1994,2009/10/15
变形金刚,,,2007,2009/10/15
独立日,,,1996,2009/10/15
断箭,,,1996,2009/10/15
赌侠2：上海滩赌圣,,,1991,2009/10/15
真实的谎言,,,1994,2009/10/15
鹿鼎记,,,1992,2009/10/15
罪恶之城,,,2005,2009/10/15
射雕英雄传之东成西就,,,1993,2009/10/14
国产凌凌漆,,,1994,2009/10/14
黑客帝国,,,1999,2009/10/14
唐伯虎点秋香,,,1993,2009/10/14
泰坦尼克号,,,1997,2009/10/14
哈利·波特与魔法石,,,2001,2009/10/14
加勒比海盗3：世界的尽头,,,2007,2009/10/14
大话西游之月光宝盒,,,1995,2009/10/14
加勒比海盗2：亡灵的宝藏,,,2006,2009/10/14
无间道,,,2002,2009/10/14
加勒比海盗,,,2003,2009/10/14
美丽心灵,,,2001,2009/10/14
七宗罪,,,1995,2009/10/14
指环王1：护戒使者,,,2001,2009/10/14
低俗小说,,,1994,2009/10/14
菊次郎的夏天,,,1999,2009/10/14
楚门的世界,,,1998,2009/10/14
指环王2：双塔奇兵,,,2002,2009/10/14
大话西游之大圣娶亲,,,1995,2009/10/14
活着,,,1994,2009/10/14
当幸福来敲门,,,2006,2009/10/14
闻香识女人,,,1992,2009/10/14
指环王3：王者无敌,,,2003,2009/10/14
上帝之城,,,2002,2009/10/14
罗马假日,,,1953,2009/10/14
千与千寻,,,2001,2009/10/14
飞越疯人院,,,1975,2009/10/14
天使爱美丽,,,2001,2009/10/14
教父2,,,1974,2009/10/14
家园,,,2009,2009/10/14
暴力云与送子鹳,,,2009,2009/10/14
搏击俱乐部,,,1999,2009/10/14
海上钢琴师,,,1998,2009/10/14
教父,,,1972,2009/10/14
机器人总动员,,,2008,2009/10/14
霸王别姬,,,1993,2009/10/14
阿甘正传,,,1994,2009/10/14
肖申克的救赎,,,1994,2009/10/14
勇闯夺命岛,,,1996,2009/10/14
斗牛,,,2009,2009/10/14
魔术师和兔子,,,2008,2009/10/14
打，打个大西瓜,,,2008,2009/10/14
战争之王,,,2005,2009/10/14
兵临城下,,,2001,2009/10/14
拯救大兵瑞恩,,,1998,2009/10/14
黑鹰坠落,,,2001,2009/10/14
